240c23c76cb3ef63d5aa44b63df1c380065c1b5d,022a7d324efe62232961920f8e916168e84f51dc
2cdf5de4de6b485cd249249e1c655cb72421ca20,08caaf711057221fdc0a000ec095523ebe7b17ce
5b86a1675617ad293e05fa1324cfd5032c65d073,f29defeed95f70c68eda3ef53220802e355f41d7
9603b4c81b583e3fc5fdee9be19c7eb59d137a4f,0e1378abca4263236ad5557b3145951f9733e7f5
852308dcba27ec0594623be7f4bb9c9a6f916f7f,8bde1ef28e67924e0663b7c9a18d53dc0c8c50b9
0d1dc6426804a560fa5c34a51a717ab8b959cea8,91a6a786c1712c1dff82586a5a0e0e89c92faade
fa389053974cf9e2a39edb1dcc3291afcce9e2a8,e4daa5c19447191bc6221c587866df904ffeefe7
0ba531f1b3164eba2a39a116a74120b3d1f47ba7,2e0392bf0f177a8ea851ced654e7b450ce27cc3e
fdabf84ddcc2d31f5018bbae3a8875841bdbd3a6,38255dfe36da63a297d34aa48016533489d0ee59
99e4894838fb0c97629daef8cedfdfd5b0b475d2,f8df4b05d022fc955cfd78409edbf0aac9d331e9
24472ad6ace44692adad7c9bf9432e817068f454,505fe02cb89ee5ba96533b9b7e6afda09fc08f7f
05249b06264395a05f4fbaa12b0969ddb5780b66,6fb031ae0dbcfd566b97751c65f73dd4b87d65b0
b45e4532759c1fac7534217cce8462207b2e1193,d6ccbcb45ba069cd74e624b2dc132f97d919fc16
f97ad5aac51a0633a7a3eda5d828be2bfca41325,60410529d6d2b0baf6f2c2cc7354702458fce1db
5b19a1a9293d5b01c92706b2b952d8240f80d6e8,241f1c4e4d6749500b7fd6a44a05fd129e546707
84eb857b28b058902d709282d90959e4e312aef8,280512643306c4c9b2138fa5cdb5d17a934c9099
4e57f1fe56350a4b61e2b12c2270aa6db4e3a93e,c69a17f5d91a3ca24badeb0677e8f5a2a025ee69
1c4cce46cf982976a909593f57d56a86798044f1,8a10db5a9eff16ddc2c465a6d2c14aeea9f66325
0b7339648edd0881f1b7be9e36d469b8ba21c0f5,2adcd71374abf5a43bae5e66ca0eeae7f093d987
d3bfaa78d38aaf99a9c493fff9a567a22e40b9d3,46df5333bfa077c9223d2665168b7b04bfc5531f
4af58e49afac807869c4a110325a6413726b08e7,d74229493af32c0dff2165bc19d59624cbc04727
983fb2f3ac3bf4465a5894fde7919dc6d35bfc88,0c484403f0df62c98ee539b1c8fdcaf223d8fa07
a39b8ddf7a6d6f867a4db5d63a87294abd6e7c81,3bdd23711ed5fe5e14b50cedf63a0c8910662b38
573a92fd0d943cf158d25ca06eebf86bb13579b6,e66e1e604ade795589666f1170d18244ebf5f647
c8bb0d12af3a0ad1beb5eb175dcec4a5473cb146,bc6108ed67076973ff7be5c52b378054355d8c25
ad2928333be5744769d592767fcacc6d152eaf18,7b3c6b6c942bc3a077415f278f6b563d35cf75f5
a9270bc10f0815907c2cbb79f717374729efe0a6,a386fb10741026c024d146ac4c48bbe0b1784a61
51c0e47804ff3817d5ac13be5cfffd2f08c193d6,56c0041cec33abbc11a73ac2cf93e0240214b40c
cb096899404f193ade64b427f7730b441a5044eb,af3dba8f543a07db3630e69d9d284f7fb81e7930
bbc9a11b101f86834ebfaadc95b376b9bfe86e0d,9c2233a1d564ad26492a296ed18965df4dbe039b
38955600c2eb86eb52f5d1fe72c1984e4d8724cb,0f68e00b5b0dcb62761d2aa0977d083d02873de2
e3a8f803de808520aac7f98cab0638cfc31a9f6e,bf8a035832ea8d7b8383b5617aa017199b73416d
3b960021afbc13239428f21de4052ee6eede663a,d606a8de920b65399815b1151dee570686659862
3c7f35ad7b314b630b21c0760d4927b44c6855e6,994a5b96fdb188b0afe20c3939a3a57a88883a65
9e06011a0b04b9ddcb05017b162ec8a1200b46cc,f1e2fc43310e49e5a9d1c7a19b4a7734e6039b2f
53a673c639f05a1aeb2e7c982952cd43fcf2c429,85c26593ddcd716069120feb863dd5714a87af18
5afeffdcea4453778e2b98dc987168c63ea101a5,7a5621781328c3a6832c7be8b5857cfe203fc869
6691d75ba507e23febcb17fb0163187c91e29d48,7d51a99876c797674b650611afd67cf8bbce8d1b
5bfb17d4adc0b558b971b46b2f84eebb73697817,f666cb532ffb3086757b3bcaffc7c967468cb06a
20279aecec80d40b83edb32270be743395e600d3,873a3b78a57f4f46d447f3ac1260d0e8bde0a58d
8a0e02d59f778300b8a552c8fa287684f0d655c0,ac3ac8941bf0477b08f9f9ff8aa058a49f5e532b
8aaccae5fe0f7340f2cc77b15729c538ea071bf2,d73e6a1b4be949d6a6ac0c6fe9684863a49db3f5
5f70e5487dd095621318df447c4e5484529dc62b,cf2e179a5658e925325cc2c2153fa24296935c9d
f592dcf94a4425f44909936d7b3ad6599f7b0c69,a8c71eaaea78b5157fdbb0ee667cfb831d7ac33b
db06ad757a90bce3c796fe9cb10eb12e3793e626,f6b9da9e9c3b4f7d409441da7879969175d85e1a
48b6a8aa65eca86aa6d986a4ae026c28dbec319c,f6e070f78fae30084536ac18ec824ac22db7c9cd
8f0304be6c72cf0ed202dd25d28c45674a5cc62c,2482417301613f2b330fc74ed0b3a5f4fbd2d14d
569d8683a1e09b989b35446693d3f6d30ba2ef5a,88b81465e796ee5fca188f9bc0889b3531d5672f
13040f7aad9ae2a9a5b308d0c8bc59de253fe53f,f8e0b0d8dcadf5f93b7db2b7f30aa99ace0d39cf
5181600c9ee56a4114d6e44f67e540961cc04651,e5a28706a5177edd51078a8f02fd152d52487356
649d82957f497e26ea8b90ad73d2920c0946aafc,dfe58838b9c4d948749120fdd94ccbb571682613
cef6831ba8c894aa8d760dcbe91502b055ac5123,66a062793aeb1f21e26139d1422c0fadd5400cf3
ab8b9043611c6a2b9bcb58934c14ee1583853d64,0053706fbe002162c70e17f8f354e48a2171ce42
23ab16ce96e96cb3befc6eae1565bb491445b2b7,7f1f4fc0ed881e61bd487b6b5a4ac4e94edb35b9
d2901b09bb8cf6f12ebd68844949b9c567ddf20f,55b507d62152129293e6f2b4e315eedb2b91efa0
a49bbbf10852aefdef0561b89bd81c2942a30ed2,b4a30802a9f484dee1b05430b13095449fcaa8c6
e1ec522a43bf52cb3734a1c2baabd6b885046a21,ba96edefe6b97c61aa155ebe77f9624237033107
421abfdacbb0950267688e95afc41c14e67536b6,dfee226fa073d8a6f5af68f27914cf534194f59e
6b8f671fe6b374d07675b2d756c2651bbcf0ddfe,31d3de3b29ee4e528ae72f934614a0de485e4334
cfa3591f97fa49b8dbbbaaa9fd352589f97e0d71,a89d4f6bd281788aed5a536b06c7246b25dcf35f
eae5da9f85a14133f69cc5f307226219171aa015,9504ce44167d706bd71268c34f33bb3ab5ff1585
eb24a461efafc1f5fabbbf9c83c0775d4f735646,dca92fe6de4b822c80fa9db96f294712578b3253
ca78c867b08416150e912b1412f70df8a8676ddc,1e94755d735cd7640d11c9a69a11f627f2f90ef4
35b17a39534e795f133fa6540516d2fd7a5dfe4c,85a8009ea399ecf29127743923383f392dee60e2
e47515cb034fe00226715465585d69201c3994e4,9713bf720246a9a541f7b49dec928e2ba4b47b3d
022d4a08c4f5d4390669da927886ed9db6c3a3ba,8cd6cb49b405b08fc515e33a6e865c7fc4dfc39a
c0db995e53f89ac89520aa01ed550f40c7468d1b,6d4172e083bf3d04df013ece84e6313945435286
f3e6084fdb0d43c3a49e501e1a0cfcfd17b2f836,3685afa0125d7f4a02036fbdeaa648a021bc8d2f
18a7bcbe38a0d600aa502b60b7c2a77c2aea6fed,1432d0e57c407113efa9fd1edc7900b2f02d711b
c788cfddafbbad59e9d2524f8e2ce5b7451080b2,4c3a639c789b7465c0486eefa78e4bad9403945f
24e94ee1fa5c5a588ccf9e0ea621d823e5fc1b95,c326a8c513e63922d55b5f01513e6e63abfcba0b
03703de938872af4c759445672b022d0894fe940,265c1ecd7bf4f08b05d60d4fe93c46eab03a6d5f
c6c57a09aadf8d104ce32e569c7e7f33c63705e1,aa8e9721905343d3845b299bb423de31fe9719aa
78a1c60c4aad07475d49fb68eb94ea6bf927cfb1,87c5925231edc9c987efedd6c43e07c6a4037dde
4fc39f8e70e34d7360cb2e96a8b127d99016fe05,49934989ef490890cff332d679fec70aa253da66
58b1ecc2be7b455828b4e1931818f5cad29868f7,9d76a2eabd4855247404f994553eb745ba54d9d0
7a0c3caa29df1561367e315fc7bde6425edf94f5,c7ae34018ffab2e8d7048080092589fa046876a5
c198fcf4fc2fd1e768a1af7a08408ada8f9f24aa,69bd7a3ce1acfda22239f4a9b67e4f67991ed6b3
b0a559d3c17592439c91cca3b5cacba3f8f04565,9d4035d31f8d9aaca0a5b8fecb0275cde67d483d
58913565e4e3b7eca7971378587362283da0ed7b,c59cc5bdadeafb55d416ba356d3f4990f615447b
81726d3b449efae116327a7289e96faa61bd012a,535a7d2013adfe25e26c160fe071d6e376c8ada7
17f53fbb73bf4f665c45f010f625135281aa32b9,2b1a28905b43dcde1ec67f06190980dd389a8464
9df98615be5e17e9406329c0b1eb631ad015b050,720453a8f313b543bc1617a5f9e2d0953214753c
dbbcfb5961254b289cf3b235fadb3bd632956dd5,5d7e6588591dbaef3e98a665f57e7825d463be1a
c3d73280832650c24910be4eca52fc261c318f03,2c77f5d813c9c14e32bae0f7442cf27902b8d598
